極,緊急,要請,1,2
トランス,ジェンダー,恐怖,言葉,0,1
歴史,ルイジアナ,買収,1,2
ブラックホール,破壊,0,1
世論,調査,善し悪し,0,1
中国,白蛇,伝説,せっかい,禅師,0,1
新しい,政治,物語,0,1
ニッポン,画,日本,文化,絵画,2,4
夢,応援,面談,ススメ,0,1
映画,づくり,秘訣,ロマン,ソロバン,0,2
好奇,原動,研究,0,2
カオス,天才,画家,0,2
マキャベリ,アン,本当,意味,0,1
水,宝,大地,0,2
バナナ,食料,廃棄,醜悪,側面,0,2
古い,芸術,新しい,意匠,1,3
アイディア,世界,意味,イノベーション,0,1
筋肉,疲労,原因,0,1
新しい,言語,秘訣,1,2
繁栄,持続,世界,革新,政策,0,3
DNA,デジタル,データ,保存,0,1
がん,細胞,バイオハック,0,2
死,現実,味方,0,1
人種,差別,構造,0,1
データ,脳,ミステリー,0,1
舞台,芸術,民主,主義,0,2
CEO,ビジネス,戦術,論,0,1
男,女,フェミニスト,0,1
難民,新しい,人生,必要,1,3
漫画,教室,ふさわしい,0,2
シカゴ,廃屋,アート,0,2
長く,ウィルス,抗生,物質,危機,解決,1,5
気候,変動,スーパー,植物,0,3
移民,子供,気持ち,0,1
ツイッター,必要,変革,0,2
難民,精神,衛生,支援,0,3
読書,共感,身,0,1
農作,アメリカ,解決,策,0,3
膵臓,がん,検査,開発,0,2
CRISPR,DNA,編集,0,1
人生,困難,音楽,0,2
火星,ケープコッド,ミツバチ,0,2
幻肢,魅力,科学,0,1
辛い,がん,子供,楽,1,3
海,食料,問題,解決,0,1
ワシントン,女性,参政,歴史,行進,2,3
空,台湾,魅惑,一面,0,2
トール,最高,贈り物,0,2
うつ,PTSD,予防,新種,薬,0,4
ヘイト,メール,送り主,コーヒー,0,1
ビット,版,ヘラクレス,神話,0,2
作為,人,政治,0,2
複合,現実,ホログラフィー,精密,医療,健康,社会,融合,2,4
世紀,アメリカ,投票,システム,必要,1,2
コンドル,犯罪,捜査,0,1
ひとしずく,水,中,生命,魅惑,世界,0,3
臓器,提供,患者,世界,0,3
歴史,ブラックホール,画像,舞台,裏,1,2
中国,公害,気候,変動,戦い,0,4
自宅,未来,病院,0,2
アメリカ,ネオナチ,運動,傾倒,0,2
シリア,立て直し,従事,医師,看護,援助,活動,0,3
ドル,デトロイト,家,隣人,助け,再建,1,2
人生,ゲーム,戦争,世界,0,1
アート,アメリカ,自由,対話,0,2
DNA,未来,データ,記憶,装置,0,3
命,殺人,事件,真相,追求,ジャーナリスト,1,5
暗黒,物質,検知,0,2
電気,ショック,療法,真実,0,2
英会話,つの,秘密,0,2
明晰,夢,旅,1,2
他,大勢,宇宙,飛行,未来,2,4
アルゴリズム,問題,解決,0,2
ストレス,記憶,驚き,関係,0,1
公民,運動,影,役者,0,1
ビザンツ,帝国,興亡,0,2
宣伝,希望,補助,技術,0,1
一人,科学,全国,健康,危機,1,3
猫,世界,歴史,0,1
ネイティブ,話者,考え,0,2
ゲーム,人,ダメ,0,1
ヒット,マン,告白,アクション,呼びかけ,3,4
中国,医学,素晴らし,0,1
砂,粒,海洋,歴史,2,3
楽しい,きのこ,男,トーク,0,1
キューバ,ミサイル,危機,歴史,0,1
世界,トライアスロン,完走,1,2
南極,点,危険,レース,0,3
Google,国家,監視,目,0,3
フェミニスト,男性,人権,運動,理解,0,2
ジャンク,DNA,以上,意味,0,1
皆,アジア,ステレオタイプ,1,2
男性,女性,両方,人生,0,1
日本,文化,チャタヌーガ,街,環境,やさしい,0,4
食べ物,野生,食材,贈り物,0,1
生命,オペレーティング,システム,0,1
古代,エジプト,医者,一日,1,2
最高,アイディア,発見,0,1
怪物,トロール,逆説,クイズ,0,3
破壊,ロボット,蟻,クイズ,1,2
面白い,墓地,歴史,0,1
鏡,自然,髪形,本当,0,1
アーサー,王,伝説,真実,部分,1,2
歴史,対,アウグストゥス,0,2
音,開発,まばゆい,弧光,0,1
フォン,ライフ,サイクル,0,1
中性,ライフ,サイクル,0,1
狼,人間,なぞなぞ,0,1
コンクリート,ひび割れ,自己,治癒,0,3
極限,環境,生物,地球,生命,予期,1,4
科学,格差,克服,0,1
おりがみ,宇宙,開発,推進,0,1
初心,バイオ,燃料,生物,資源,探査,講座,1,5
タイム,トラベル,パズル,0,1
味方,物資,輸送,クイズ,1,2
ブレイク,スルー,アイデア,1,2
ジェットコースター,人体,影響,0,2
気候,危機,学校,ストライキ,ルール,世界,0,3
気候,行動,心,訴え,0,2
美しく,音楽,美しい,数学,1,3
ベビー,ブーム,世代,ミレニアル,職場,0,3
出世,手助け,人,0,1
中国,インターネット,成長,先,0,1
難民,世界,議論,0,2
天空,神秘,驚き,瞬間,1,2
楽しく,会社,ヒント,1,2
在宅,勤務,ビジネス,0,2
NASA,金属,世界,宇宙,探知,機,0,1
太陽,力,大陸,0,2
写真,年配,三角,関係,0,3
魔法,使い,決闘,クイズ,0,2
億,年,進化,分,説明,0,2
地域,高級,住民,追い出し,癒し,0,2
他人,集まり,チーム,1,2
検査,子供,聴力,1,2
原子,核,破壊,粒子,加速,仕組み,0,3
フェイク,ニュース,大国,ロシア,戦い,中,0,3
医師,報酬,健康,維持,基準,0,2
世界,勇気,思いやり,心,1,2
腸内,細菌,研究,0,1
ヨーロッパ,歴史,ノルマン,0,2
難民,子ども,e,ラーニング,利用,教育,0,5
人生,一変,リベンジ,ポルノ,0,3
街,東側,貧困,地域,2,3
季節,自然,変化,リズム,0,1
テクノロジー,企業,データ,プライバシー,放棄,0,3
努力,先,夢,かたち,0,2
紛争,地,看護,力,0,2
人生,サウンド,トラック,AI,1,3
難民,物資,社会,進出,0,2
AI,病気,診断,0,2
パーソナル,ファイナンス,危機,洞察,1,2
和,太鼓,自由,0,2
宇宙,理解,疑問,珍しい,銀河,0,4
自動,運転,バス,持続,未来,1,4
認知,母,息子,写真,旅,0,4
ネット,通販,返品,物,行き先,1,2
幸せ,結婚,生活,離婚,0,3
経済,成長,繁栄,デザイン,0,3
ネットフリックス,エンターテインメント,未来,0,2
人,ロボット,感情,繋がり,1,2
賃貸,住宅,情熱,1,2
太陽,嵐,チェイサー,レッスン,0,2
アフリカ,力強い,物語,0,2
うがい,風邪,予防,0,2
何者,表現,ファッション,1,2
アメリカ,党,政治,0,2
オランダ,トランペット,奏者,コロンビア,0,1
悪,人工知能,なぞなぞ,1,2
図書,司書,視点,延滞,料金,反対,1,4
世代,アフリカ,建築,デザイナー,1,2
プレーヤー,物語,ビデオ,ゲーム,1,3
バーニング,マン,アート,0,2
古代,トロイ,都市,本当,存在,0,1
他,恒星,初,訪問,オウムアムア,1,4
美しい,義肢,デザイン,1,2
朝,コーヒー,人々,感謝,旅,1,3
世界,建築,鬼才,1,2
資本,主義,イデオロギー,オペレーティング,システム,0,2
禅,公,案頭,謎,0,3
新聞,プライバシー,巻き返し,0,1
ALS,完治,難しい,0,1
出自,通説,勇気,0,2
ミダス,王,黄金,手,神話,1,2
クレオール,料理,女王,0,1
竹,日本,心,0,1
のり,テープ,強い,0,1
パキスタン,女性,手,インターネット,0,3
幽霊,本当,存在,0,2
インカ,帝国,興亡,0,2
公式,経済,チャンス,1,2
大量,投獄,背景,人間,物語,1,3
婆,治療,訓練,0,1
アフリカ,科学,頭脳,流出,阻止,0,2
命がけ,国家,殺戮,0,2
出会い,アプリ,スワイプ,恋人,0,3
人間,役,AI,0,2
職,未来,社会,金,0,1
愛情,アート,母,息子,0,2
時間,人種,政治,1,2
プラス,サイズ,マイ,0,2
住宅,危機,遊び心,いっぱい,解決,0,1
代,科学,傷,治癒,発明,1,3
子ども,生涯,読書,0,2
コンピュータ,生みの親,エイダラブレイス,0,2
死刑,法学部,卒業,0,1
世界,最古,病気,撲滅,2,3
教育,複合,現実,感,0,2
独,多重,奏,パフォーマンス,1,3
マンモス,地球,工学,0,1
科学,発言,挑戦,自由,0,2
チェロ,インスピレーション,母,0,1
ハダカデバネズミ,不思議,哺乳,0,1
人類,地球,影響,長く,1,2
がん,治療,仕事,お陰,0,1
テクノロジー,先住,民族,言語,維持,0,3
ひも,理論,宇宙,構造,1,2
モンドリアン,四角,謎,挑戦,0,2
アフリカ,写真,空,デッキ,チェア,0,3
音楽,文化,遺産,保護,レコード,収集,0,4
建築,創造,人間,尊厳,0,1
脳,深い,睡眠,恩恵,0,2
中国,買い物,未来,0,2
古代,アテネ,日,0,1
ヴェーダ,数学,魔法,0,1
冥王,遠い,世界,探検,0,2
ナノ,セルロース,地球,優しい,包装,1,2
猫,軍団,クイズ,0,1
テクノロジー,ネット,嫌がらせ,0,2
失敗,神,探求,0,1
地球,生活,向上,宇宙,技術,0,3
太陽,地球,工学,0,1
晩年,通過,儀礼,0,2
歴史,終わり,錯覚,0,2
悪夢,子供,YouTube,動画,0,2
アメリカ,大統領,創案,0,2
鬱,友達,心,0,1
歴史,惑星,発見,0,1
ユークリッド,悩ましい,平行,線,公準,0,2
スマホアプリ,制作,未来,0,2
ワーク,ライフ,バランス,時間,配分,アイデンティティ,0,5
イン,ポスター,症候,群,正体,克服,2,4
ウクレレ,超絶,パフォーマンス,0,2
将来,有望,職業,0,2
ゾンビ,世界,逃げ場,0,2
海,生き物,エサ,0,1
ポーカー,達人,決断,秘訣,0,3
母,子,絆,音楽,2,3
タバコ,体,影響,0,1
アリストパネス,喜劇,父,1,2
バイナリー,コード,仕組み,0,1
目標,成功,秘訣,0,2
印刷,有機,太陽,電池,0,3
テクノロジー,企業,人文,必要,0,3
睡眠,操作,人生,向上,0,2
女性,映画,革命,共,1,2
一人,視聴覚,バイラルセンセーション,1,2
体内,酸素,複雑,旅,1,3
生活,階段,役割,0,2
食器,洗剤,細胞,膜,観察,1,2
脳,変化,運動,効果,0,2
地表,検索,データベース,ミッション,0,3
年,細胞,科学,1,2
世界,規模,学習,危機,対処,0,3
大気,酸化,炭素,気候,変動,2,3
ギザギザ,境界,選挙,影響,0,3
難民,母,絆,0,2
体,満腹,状態,0,1
海洋,プラスチック,ごみ,解決,策,0,1
運,良く,リスク,0,2
アメリカ,イギリス,式,ポライトネス,0,3
否定,真実,市民,投稿,動画,力,1,4
軍隊,気候,変動,0,1
医者,待合,納税,申告,手続き,無料,支援,2,6
AI,圧倒,力,0,2
人間,感情,歴史,1,2
HIV,危険,進化,0,2
年,東京,五輪,聖火,2,3
冷たい,シャワー,療法,1,2
元素,周期,表,ジグソー,パズル,解法,0,4
オン,ライン,嫌がらせ,コメント,オフ,建設,対話,1,2
偽物,ハンドバッグ,テロ,組織,犯罪,資金,仕組み,0,5
外国,語,必要,0,2
ファッション,ゴミ,問題,解決,0,1
数学,解明,がん,秘密,0,2
スクリーン,子供,つの,不安,1,3
次,氷河,期,1,2
感情,表情,普遍,0,1
アーティスト,目,世界,0,2
ヒップ,ホップ,講座,名声,0,3
量子,物理,暗号,強化,0,2
夢,ダンス,パフォーマンス,0,1
職場,セクシュアル,ハラスメント,終焉,0,2
随意,興奮,真実,1,2
人,感情,テクノロジー,1,2
ハウジング,ファースト,ホームレス,取り組み,0,2
アラク,アテーナー,神話,1,2
DNA,人工,インターネット,0,2
休日,欲しい,人生,0,2
ネガティブ,モンスター,挑戦,0,1
卵,落とし,謎,0,1
億,分,家,計画,0,3
アフリカ,盛り上がり,アート,シーン,0,2
メンデレーエフ,周期,表,秀逸,0,1
音楽,調和,人生,0,1
ダブ,ステップ,科学,1,2
世界,最小,プリンター,1,2
地雷,残酷,論理,回避,支援,アプリ,0,4
信州,薬草,チベット,医学,1,3
中国,獅子,舞,文化,継承,0,1
肖像,写真,前衛,アフリカ,美,1,3
直径,m,まちづくり,0,2
暗闇,硬貨,クイズ,挑戦,0,1
中華,テイクアウト,文章,0,1
魅惑,腸,サイエンス,1,2
都市,設計,ビデオ,ゲーム,0,3
チューバ,超絶,技巧,0,2
脳,体,外,0,1
代,自殺,戦い,教室,1,3
企業,市場,独占,時代,1,2
上達,為,医療,チーム,コーチ,2,3
アッシリア,帝国,興亡,0,1
アーティスト,経済,貢献,0,1
閃光,雷雨,カンボジア,神話,0,3
先入,フィルター,バブル,自由,1,2
社会,運動,内向,人間,必要,1,2
ヒト,精子,マッコウ,クジラ,1,3
精神,ローカル,心,0,1
ロボット,気持ち,人間,共存,社会,1,3
世界,初,地下,0,1
未来,技術,シティ,ライフ,恩恵,0,3
史上,成功,海賊,0,2
サンゴ,礁,希望,0,2
過去,現在,未来,詩人,0,3
パーク,ランド,高校,教師,宿題,0,4
子ども,地域,福祉,町内,会,0,2
分,地球,半周,SpaceX,旅行,プラン,1,4
プロ,レスラー,自信,手引き,1,2
NASA,人工,衛星,0,2
感動,創造,言葉,0,1
フー,ディ,三千,年,歴史,1,4
アフリカ,力強,魂,ファッション,0,3
新しい,アイデア,必要,既知,領域,境界,1,4
若い,女性,悦び,0,2
科学,研究,人間,感情,役割,0,3
クリップ,家,交換,0,2
魚,社会,生活,サンゴ,礁,保全,鍵,3,5
アフリカ,ニーズ,医療,技術,0,2
魚,群れ,学習,知能,機械,0,2
歴史,危険,色,1,2
無償,介護,医療,役割,0,1
昆虫,拡大,ポートレート,0,2
ワード,アドレス,地球,場所,正確,住所,表示,2,5
賃金,平等,戦い,0,1
アルコール,依存,克服,0,1
適応,衣服,障がい,人々,力,0,2
宇宙,建築,冒険,0,2
世帯,収入,世界,暮らし,1,2
素晴らしく,蝶,変態,1,2
DEAF,力,コミュニケーション,0,2
ロンドン,地下,鉄路,線図,0,3
コイン,投げ,謎,0,1
進化,神話,誤解,1,2
生死,父,認知,0,2
逆向き,発想,物理,常識,0,2
素晴らしい,チャンス,鍵,人,1,3
意識,現実,幻覚,仕組み,1,2
巨人,国,旅,トール,神話,0,4
アート,制作,伝統,タイム,カプセル,0,3
ドローン,血液,命,1,2
案,国家,分裂,1,2
仕事,経歴,力,0,2
パブロフ,反応,犬,0,2
技術,予期,結果,1,2
雑音,音楽,変換,0,1
人間,所,クリエイティビティ,0,2
地球,経済,考察,0,1
シーン,常若,国,伝説,1,2
歴史,対,チェゲバラ,0,2
拡張,現実,手術,未来,0,2
子供,迷惑,メール,対処,1,2
女川,東北,復興,日本,1,2
消極,デザイン,工夫,解決,0,1
いじめ,上,大人,0,2
地球,火星,場所,0,1
手,汗,コツ,1,2
苦しみ,内,平和,0,2
コンピューター,効率,時間,管理,0,3
世紀,往診,救急,0,2
オオジャコガイ,魅惑,生態,0,2
オルフェウス,エウリュディケ,悲劇,神話,2,3
行列,足し算,掛け算,1,2
退屈,アイデア,仕組み,0,1
プレゼン,秘密,仕掛け,0,2
データ,人間,洞察,0,2
黒人,男性,オル,タナ,右翼,潜入,0,4
再生,エネルギー,電力,0,1
未来,アフリカ,想像,SF,0,1
空中,パフォーマンス,物理,逆,0,1
回,アメリカ,合衆,大統領,選挙,1,3
子ども,クリエイティビティ,プログラミング,0,2
報道,写真,物語,一部,0,1
インフルエンザ,予防,接種,毎年,必要,0,2
都市,農業,デトロイト,0,1
グリーンランド,氷床,下,0,1
自動,運転,倫理,判断,1,2
ネット,広告,仕組み,ディストピア,道,1,3
高齢,差別,終止,0,1
変身,肖像,写真,0,1
精神,障害,スピリチュアル,目覚め,1,2
宗教,礼拝,黄色,0,1
僻地,医療,シリコン,バレー,1,2
コーヒー,新しい,文化,0,2
現代,社会,若者,0,2
泥壁,建物,温もり,知恵,0,2
最高,アイデア,会社,0,1
デジタル,DNA,健康,選択,0,2
未知,夢,挑戦,新型,宇宙,推進,ロケット,探求,1,6
ショート,ロジー,合成,力,0,1
学生,障壁,必要,0,1
耐性,菌,兵器,1,2
製造,仕事,本当,0,1
人工知能,次,産業,革命,0,2
アフリカ,進歩,伝統,知識,活用,0,2
日本,女性,手,0,1
中国,安全,食品,将来,0,2
サーフィン,複雑,歴史,0,2
ママ,抱っこ,闇,中,子供,0,1
毎日,幸せ,世界,1,2
金融,工学,がん,0,2
生命,陸上,進出,0,1
ティーンエイジャー,睡眠,不足,公衆,衛生,社会,病い,1,4
ダウン,子,親,0,2
ミレニアル,世代,世界,0,1
人間,成長,発達,長期,研究,教訓,2,5
労働,自ら,会社,所有,レジリエント,経済,0,4
対立,政治,友情,1,2
歳,知恵,幸せ,1,2
数学,記号,起源,0,1
アスピリン,発見,物語,1,2
貧窮,層,拘置,システム,0,2
自己,探求,文化,世代,継承,1,2
ハイイロ,グマ,宇宙,追跡,1,2
持続,木製,摩天,楼,1,2
脳,コンピューター,アップロード,0,2
ヴァージニア,ウルフ,作品,1,2
核,融合,研究,為,新しい,装置,1,5
国,指標,現状,1,2
人生,本当,必要,0,1
トランス,ジェンダー,人々,耳,0,3
イスラム,恐怖,弟,0,1
パノラマ,アニメ,洞窟,壁画,0,2
死,直面,人生,価値,0,2
ハリウッド,女性,現状,0,1
胃,潰瘍,驚き,原因,0,2
雲,気候,変化,解明,時間,稼ぎ,1,3
新しい,眼,宇宙,広域,赤外,探査,衛星,発見,2,4
てんかん,人生,皆,0,1
眼鏡,背後,物語,0,1
恐竜,前,登場,クラゲ,長い,年代,0,3
トポロジカル,量子,論,物質,0,1
ヒジャブ,身,フェミニスト,選択,0,2
数百,年,人類,姿,0,2
ビジネス,人々,誠実,行動,動機,0,3
教育,生徒,才能,チャンス,0,2
数,短い,物語,1,2
ガン,治療,難しい,0,1
T,シャツ,一生,1,2
植物,身,驚き,0,2
アメリカ,合衆,憲法,0,2
人,出会い,学び,新しい,形,1,2
サイクロプス,羊,事件,0,1
免疫,細胞,利用,がん,0,3
スモッグ,掃除,機,はじめ,夢,都市,デザイン,数々,1,6
ジョージ,バランシン,バレエ,意味,0,2
世紀,刑事,司法,制度,0,2
難民,人生,経験,0,2
数学,ドラゴン,退治,0,1
長寿,秘訣,周囲,人,交流,0,4
自由,表現,環境,個性,1,3
キューピッド,プシュケ,神話,0,2
路上,生活,仕事,安全,提供,実践,2,3
アメリカ,カブトガニ,血液,採取,1,2
退役,軍人,自殺,阻止,試み,1,2
悪,名高く,創意,工夫,ホーチミン,ルート,0,2
北極,点,旅,先,0,1
孤児,時代,終焉,0,2
皆既,日食,体験,0,1
魔法,金属,形状,記憶,合金,働き,2,3
ラテンアメリカ,代,妊娠,0,2
本当,現実,起業,0,1
種,漂白,酸,紙やすり,完璧,1,3
クメール,古典,舞踊,魔法,2,3
サカジャウェア,真実,物語,1,2
ロボット,人間,本当,0,1
世紀,鉄,竹,1,2
哺乳,動物,つの,出産,0,3
世界,果て,鷹狩り,0,2
数学,定理,証明,0,2
進化,大きく,羊膜,0,2
錯視,脳,トリック,0,2
戦争,さなか,女性,0,2
ティーンエイジャー,登校,時間,0,1
ティー,分子,性質,仕組み,1,2
原子,発電,仕組み,0,1
ピタゴラス,定理,証明,0,2
気体,目,性質,記述,0,2
ベルリン,壁,建設,崩壊,1,3
現実,想像,力,1,2
アマゾン,熱帯,雨林,生物,理解,0,3
子供,気,図書,デザイン,1,3
食品,無駄,力,人々,0,2
脳,美し,判定,0,1
ソーシャル,メディア,時代,人間,1,3
ハミルトン,対,マディソン,米国,党派,主義,誕生,3,4
クラフト,ビール,伝統,殻,1,2
プラスチック,粒,海洋,征服,たくらみ,0,2
人気,コマーシャル,誕生,秘話,1,2
民主,主義,姿,0,1
がん,早期,発見,新しい,血液,検査,0,4
ガラス,高層,ビル,都市,生活,1,4
エネルギー,貯蔵,章,0,1
データ,盲信,時代,終止,0,1
細胞,表面,糖鎖,0,2
海洋,汚染,海水,化学,0,1
楽しく,力強く,突飛,アフリカン,アート,3,4
細胞,膜,想像,以上,複雑,0,1
ニホン,ザル,ハグ,文化,系譜,1,3
男,女性,男性,1,2
テレビ,画面,形,0,1
小児,撲滅,手助け,0,1
ジャーナリスト,権力,義務,0,1
神聖,空間,建築,0,2
固有,視点,超越,真実,1,3
イルカ,水族,飼育,0,2
テクノロジー,教室,学習,0,2
地球,果て,地,宇宙,始まり,0,3
発音,通り,言葉,0,2
リード,クロロ,フ,近代,建築,ツアー,3,4
いく,未来,想像,1,2
ロボット,大学,入試,合格,0,2
ステレオタイプ,人種,差別,0,2
夢,実現,秘訣,0,1
ニューヨーカー,象徴,表紙,イラスト,舞台,裏,0,3
紙,命,科学,道具,0,2
逆境,中,夢,0,2
伝統,新しい,コミュニケーション,0,2
子ども,本当,サマー,スクール,0,2
アルゴリズム,偏見,戦い,0,1
テクノロジー,目,ダメージ,0,2
違法,薬物,脳,1,2
マゼラン,世界,周,航海,1,3
ペーパー,タオル,節約,秘訣,0,2
左脳,右脳,俗説,0,1
若き,詩人,ダルフール,0,1
人間,犯罪,存在,価値,1,3
AI,人,記憶,仕事,社会,生活,改善,0,4
末期,小児,患者,家,物語,1,2
川,地球,歴史,0,2
脳,最強,食べもの,0,2
人生,音楽,前進,0,1
杯,ビール,食品,廃棄,問題,根絶,試み,1,5
コ,ハウジング,幸せ,長生き,2,3
腎臓,結石,原因,0,1
南極,有人,探査,類似,環境,宇宙,開発,将来,0,6
数列,次,数,0,1
鼻,身体,匂い,0,2
変革,組織,作り,0,2
市民,苦しみ,終戦,0,2
ゼロ,ごみ,生活,リサイクル,量,1,3
科学,SF,関係,0,1
国境,人々,安全,0,2
歴史,命,歌,0,1
心臓,発作,過去,0,1
電気,用語,起源,0,2
薬,脳,作用,0,2
世紀,奴隷,制度,廃止,論,道具,1,3
ブラックホール,写真,撮影,0,1
コックローチ,ビート,ボックス,0,1
世界,共通,言葉,写真,1,3
ワン,マン,バンド,人生,2,3
子供,科学,解明,疾患,患者,0,3
創造,制約,力,0,2
皆,勝利,気候,問題,ソリューション,1,4
生活,問題,解決,0,2
時代,行き場,者,手紙,0,3
メガ,シティ,世界,地図,1,3
コンピューター,物体,即座,認識,0,2
菜食,主義,ヴィーガニズム,環境,貢献,2,3
数学,得意,学習,事実,0,2
永久,機関,機能,0,1
入国,問題,抜本,解決,策,0,3
薬,体,中,0,1
カメラ,オブスクラ,携帯,電話,0,2
人生,最高,先生,0,2
地球,生命,体,計算,1,3
紛争,地帯,子育て,支援,手,0,2
ナマケモノ,動き,遅い,0,2
脳,記憶,位置,情報,付加,0,2
自然,現象,科学,アプローチ,0,2
依存,疾病,他,0,1
絶え間,変化,時代,組織,1,3
宇宙,新しい,窓,0,2
自閉,理解,目,0,1
深い,悲しみ,ビデオ,ゲーム,1,3
中国,干支,神話,1,2
世界,最大,謎,本,2,3
開発,途上,母親,出産,キット,0,3
人生,執筆,真実,1,2
馬鹿,体験,共有,0,2
エンターテイメント,重鎮,意義,人生,0,1
自信,力,解明,0,2
眼鏡,視力,矯正,0,2
半径,km,食,循環,0,3
難民,危機,人間,0,1
白亜,サハラ,恐ろしい,肉食,恐竜,1,4
目,前,挑戦,遠く,未来,2,4
メロドラマ,人生,訓,0,1
ブレイク,ダンス,人,人世,世代,1,3
世界,核,兵器,0,1
抽象,表現,主義,0,2
感受,強い,人,力,1,3
所,病院,遠い,人,1,2
細胞,説,歴史,0,2
農業,インターネット,タネ,0,1
X,染色,体,不思議,1,3
オズ,魔法,使い,メッセージ,0,3
ネット,勢力,争い,0,1
価値,対価,要求,0,1
動物,生殖,進化,0,2
ジカ,熱,蚊,媒介,感染,対抗,秘密,兵器,0,7
最善,自己,最悪,生物,1,3
農薬,本当,必要,0,2
パリ,協定,国際,宇宙,ステーション,1,3
ナショナリズム,グローバリズム,政治,分断,0,1
人類,愛,名声,1,2
人種,差別,妊婦,影響,軽減,0,2
誕生,日,問題,0,2
ネット,情報,裏,真,意図,身,1,4
ホロコースト,否定,法廷,闘争,0,2
知性,機械,協働,0,1
政府,企業,協力,0,1
マイクロピグメンテーション,医学,認知,0,2
哲学,思考,実験,0,2
ホロコースト,否定,説,嘘,もくろみ,0,3
ラディカルアトムズ,ピクセル,帝国,0,2
汚染,物質,餌,0,2
音楽,宇宙,可視,0,1
助け,強み,弱み,0,2
レイプ,経験,和解,物語,0,2
ウェスタ,処女,何者,役目,0,1
性,暴力,問題,リアル,学生,目線,戦い,0,3
データ,ブローカー,手,アイデンティティ,0,3
身体,器官,コンサート,0,2
期間,宇宙,旅行,ヒト,1,2
DNA,人生,初期,経験,0,3
パフォーマンス,上達,妨げ,0,1
ダブル,ベース,愉快,紹介,1,2
素晴らしく,脆い,サンゴ,礁,保全,2,4
立体,錯視,背後,数学,0,3
ジカ,熱,他,病気,0,3
飛行,機,クイズ,0,2
アイス,キャンディー,発明,0,2
遠い,未来,存在,1,2
ドイツ,シリア,難民,ユーモア,偏見,2,3
トリック,スター,理論,0,2
人々,数学,強い,不安,1,3
原点,姿勢,腰痛,0,2
難民,保護,権利,0,2
深海,神秘,驚異,0,2
イカロス,ダイダロス,神話,0,2
自然,街,融合,建築,0,3
人間,由来,水中,騒音,海,世界,2,3
ドラキュラ,世界,吸血,0,2
人種,差別,黒人,健康,阻害,1,3
偽,ニュース,実害,0,2
夜空,電波,目,0,1
投資,力,日本,根っこ,元気,0,1
子ども,経験,危険,0,2
境界,セクシズム,団結,1,2
全銀,河系,対応,細動,AED,使用,0,3
インターネット,世界,よく,0,1
大学,生活,蔓延,セクシズム,0,3
技術,進歩,限界,0,2
飛行,機,中,ムスリム,0,3
動物,寿命,それぞれ,0,1
人間,拡張,未来,0,2
水,不足,問題,入門,0,1
瞬間,大きく,目,1,2
映画,耳,音,嘘,0,3
食,生活,腸,健康,影響,0,3
元,イスラム,原理,主義,心,中,1,4
両者,核,世界,平和,想い,1,3
演劇,医学,未来,0,1
持続,サステイナブル,資本,主義,0,2
手術,安全,本物,シミュレーター,0,3
ナノテクノロジー,次,歩,0,1
中世,美術,聖母,マリア,像,0,3
地球,生物,クマムシ,0,2
ピアノ,完成,曲,0,2
安城,生まれ,分野,空手,0,3
瞬間,接着,発明,1,2
数学,世界,理解,秘訣,0,3
割,破壊,街,楽しい,1,3
海洋,生物,シグナル,0,2
ブライユ,式,点字,発明,0,2
ハリウッド,性,差別,データ,0,1
若い,発明,発泡,スチロール,リサイクル,計画,1,4
ブルー,ジーンズ,発明,0,2
物語,感動,行動,0,2
データ,著作,貧困,終焉,0,3
原子,恐れ,環境,0,2
でぶ,恐怖,タブー,0,2
女性,暴力,闘い,成功,力,0,1
廃線,ループ,進化,街,顔,0,1
慢性,疾患,増加,エピ,ジェネティクス,理解,1,4
物理,解決,問題,探求,0,2
女の子,為,冒険,挑戦,0,2
人,ひとり,地球,ひと,0,2
政治,議論,埒,0,2
囚人,箱,問題,0,1
地球,周回,宇宙,ゴミ,2,3
日本,スペシャル,メッセージ,0,2
人,神,謎,0,1
食品,食料,廃棄,0,2
魅惑,人体,解剖,アート,2,3
直感,人工知能,発明,0,1
歴史,対,アンドリュー,ジャクソン,0,3
食料,廃棄,問題,終止,0,2
機械,知能,人間,道徳,0,3
人間,人工知能,制御,1,2
物事,上達,練習,仕方,1,2
シアトル,図書,デザイン,裏側,0,2
海,人類,未知,最良,仲間,0,4
ウェアラブル,コンピュータ,コミュニケーション,能力,拡張,0,2
マインド,ネス,ホリスティック,教育,実践,0,3
息子,コロンバイン,高校,乱射,母,2,3
企業,データ,世界,飢餓,終止,0,3
海兵,俳優,旅路,0,2
宇宙,中,人間,さき,存在,0,2
母,宇宙,地球,0,2
でぶ,恐怖,挑戦,0,2
規模,太陽,眩い,オーロラ,1,3
セク,スティング,プライバシー,0,2
動物,工場,権力,乱用,0,3
自,他,合成,生物,実験,2,3
大学,進学,社会,罪,0,3
抗議,活動,ビジネス,海,0,3
感覚,合成,生物,0,2
統計,魅力,数字,0,2
デザイン,視力,強く,0,1
快適,人,ダメ,0,1
機関,赤,他人,0,2
長年,課題,解決,新種,研究,3,4
停学,大人,勝手,0,1
広告,女性,表象,0,1
素朴,LEGO,世界,共通,語,1,3
記憶,光,焦点,0,2
スポットライト,ガール,パワー,0,2
タトゥー,シール,病院,診療,自宅,0,3
心情,新語,数々,0,1
古典,条件,付け,オペラント,違い,0,3
貧しい,アフリカ,虚構,0,1
偽,コイン,クイズ,挑戦,1,2
バイオマス,エネルギー,雑草,パワー,0,2
賢明,正確,公衆,衛生,アプローチ,0,3
ICT,自ら,社会,課題,解決,0,3
音楽,演奏,結婚,0,2
医者,診断,病,0,1
コマ,奇跡,力,物語,0,2
儚く,美しき,地球,絵画,2,3
表,計算,ソフト,誕生,0,2
呼吸,空気,アート,0,2
アフリカ,躍進,継続,0,1
好奇,科学,医学,鍵,0,2
おしっこ,我慢,体,0,1
航空,会社,オーバー,ブッキング,0,3
アコースティック,ギター,演奏,0,1
大人,子ども,ゼロウェイスト,生活,0,2
気候,変動,解消,原子,発電,必要,0,3
事実,確認,発話,行為,遂行,0,2
想像,神経,科学,0,1
クィア,愛,かたち,0,1
若き,反抗,日々,0,1
幻想,ボーカル,フルート,ハープ,演奏,0,4
心,国境,即興,音楽,1,3
年,億,万,長者,1,3
愛情,料理,世界,子供,0,1
ヨーロッパ,社会,行き場,ムスリム,子供,0,2
時代,アメリカン,ドリーム,1,2
人脈,作り,認識,0,1
子ども,教育,食事,0,2
目標,達成,危険,1,2
タップ,ダンス,妙技,0,1
老い,若き,表現,詩,1,3
アメリカ,政府,分権,仕組み,0,2
有色,人種,学生,イン,ポスター,シンドローム,自己,過小,評価,症候,群,直面,1,7
デザイナー,ベビー,倫理,ジレンマ,0,1
Facebook,グループ,活性,0,2
仮想,ラボ,科学,授業,0,2
隣,子,遺伝,編集,2,3
データ,示唆,肖像,画,0,2
未来,伝統,依存,共存,1,3
未来,小型,住宅,1,2
歴史,チンギス,ハーン,1,2
移民,忌避,言葉,0,2
軍,同性,愛,1,2
科学,再現,危機,0,2
盲目,天文,星,音,0,1
女性,平等,政党,0,2
親子,愛着,脳,科学,1,2
フラ,フープ,ダンス,美しい,形,1,3
リニア,モータ,エレベータ,0,1
脳,健康,人生,0,1
妊娠,常識,ウソ,0,2
言葉,理解,責任,0,2
地球,量子,力学,解明,0,1
黄泉,国,ガイドブック,0,2
機械,人,感情,理解,0,2
ネット,性,暴力,0,2
音楽,精神,疾患,理解,0,1
食品,流通,内部,0,1
ひと,幸せ,ものづくり,一緒,1,2
オープン,ソース,方式,手本,0,1
アテネ,民主,主義,0,1
移住,人生,現実,0,2
自動,人間,仕事,0,2
世紀,美術,度,0,1
マーク,本当,意味,0,2
ブロック,チェーン,経済,変化,0,2
ヤドリギ,下,キス,0,2
アルファベット,順,本,最速,0,2
レズビアン,女子,学生,社交,クラブ,代表,友情,0,4
薬,うつ病,PTSD,予防,0,1
漢字,物語,アート,玩具,0,2
脳,用心,深い,0,2
ネガティブ,感情,スローダウン,0,2
戦争,訓練,故郷,実施,0,2
海,底,人類,歴史,0,3
トランス,ジェンダー,若者,治療,0,1
遺伝,研究,必要,0,1
脳,スキャン,教訓,0,1
生き物,暮らし,ヒント,0,2
古代,ローマ,時代,代,生活,1,4
フォン,人権,問題,0,2
ロー,ビジョン,ケア,周囲,メートル,未来,1,2
キャリア,ハシゴ,個人,プロジェクト,0,3
合衆,最高,裁判,判事,0,2
ゾンビ,診断,脳,体,0,1
ショショローザ,南アフリカ,民謡,1,2
自動,運転,世界,0,1
弱み,最強,チーム,0,1
未来,ウェブ,魅力,1,2
世代,産業,革命,1,2
ケーニヒスベルク,橋,問題,数学,1,3
気候,変動,水中,サウンドスケープ,変化,2,3
子ども,教育,ハイジャック,0,2
神道,日本,語,秘密,0,1
空,世界,絶景,ハネムーン,2,3
ジェームズ,診療,ブルース,0,1
ステレオタイプ,本当,面白い,0,2
子供,精子,提供,家族,1,2
同,言語,字幕,インド,映画,2,3
機械,発達,時代,人間,会社,0,1
家族,絆,物語,0,1
日間,拒絶,チャレンジ,1,2
ギリシャ,悲劇,決戦,0,1
日常,学び,機会,必要,0,1
RNA,切断,分解,細胞,仕組み,0,1
幼児,コンピューター,賢い,0,1
青少年,DIY,課題,0,1
世界,理解,奥義,数学,2,3
アメリカ,大国,実績,利用,0,2
プラトン,最高,アイデア,0,2
教育,システム,子供,0,1
人生,目的,分間,1,2
ノーベル,平和,賞,0,1
テロ,闘い,権利,犠牲,必要,0,3
普通,素晴らしい,成功,鍵,平凡,0,2
川渡し,パズル,挑戦,0,1
中,美,芸術,1,2
移民,声,民主,主義,0,2
ジェンダー,役割,概念,新しい,社交,ダンス,0,5
選挙,国,予期,挑戦,0,2
ヘルメット,脳,震盪,0,2
弁論,術,欲しい,手,0,3
医療,制度,政策,0,1
アート,PTSD,傷,0,1
女,人生,必要,思い切り,よ,0,3
アメリカ,公,教育,子ども,貧困,3,4
ヒト,人,想像,0,2
実在,水没,都市,1,2
がん,戦い,勝利,0,1
技術,進歩,愛,形,0,2
信用,履歴,人,ローン,0,3
ダンサー,ボディ,ランゲージ,ジェンダー,0,1
音楽,コンピューター,発明,0,1
形状,変化,テクノロジー,仕事,革新,0,2
ワイン,不思議,力,0,2
真珠,耳飾り,少女,名作,訳,1,4
億,年,土壌,技術,2,3
成功,秘訣,再考,0,1
人生,ライフ,ハック,0,2
進化,新しい,科学,技術,1,3
動物,暗闇,目,0,2
マジック,人,つながり,0,2
ファシリティ,ドッグ,笑顔,病院,0,2
労働,階級,葛藤,0,1
時間,写真,中,0,1
壊滅,水,不足,0,2
アメリカ,アフリカ,大衆,ダンス,歴史,1,3
ムーブ,アメリカ,大衆,ダンス,歴史,1,3
森,木々,会話,0,2
購読,解除,苦悩,0,2
テクノロジー,農業,融合,0,1
脳,秘密,新しい,0,1
行動,人,夢,0,2
ねり,こども,食堂,1,2
共通,点,練習,0,2
悪徳,報い,頌歌,0,2
DNA,検査,時代,到来,0,3
字幕,文字,数,速度,0,3
動物,保護,ボランティア,呼びかけ,0,2
猫,空間,設計,0,2
アラブ,ビジネス,ウーマン,成功,教訓,1,3
ソーシャル,メディア,命,1,2
現代,社会,蔓延,飢え,食品,廃棄,問題,1,5
世界,難民,自立,自助,支援,1,4
戦争,定義,防止,策,0,2
傷,果物,野菜,0,2
資金,崩壊,教育,制度,0,2
メンデル,エンドウ,マメ,遺伝,理解,2,3
自宅,裏庭,森,1,2
パリ,協定,歩み,裏話,1,3
ヴィパッサナー,瞑想,体,感覚,0,1
クラスター,爆弾,破壊,負,遺産,1,4
Breakthrough,突破,力,ZONE,人間,能力,最大,発揮,1,3
子,成功,子育て,1,2
手術,心臓,疾患,0,1
精神,強く,秘訣,0,1
学校,刑務,閉鎖,0,1
子ども,危機,大人,0,1
自己,愛,心理,0,1
就職,活動,探し,0,1
盲目,洞窟,先史,時代,ヒント,0,1
合衆,憲法,原案,権利,章典,なかっ,1,3
スポーツ,力,女性,勇気,0,2
点数,身,教育,0,2
米中,関係,将来,0,2
ブロック,チェーン,金,経済,0,3
言葉,将来,ヘルス,予測,0,2
自然,VS,人類,0,2
セルフ,コントロール,秘訣,0,1
孤立,社会,帰還,兵,復帰,3,4
SNS,時代,友情,0,2
違い,人生,彩り,0,2
頭,中,日本,地図,世界,0,2
キック,スターター,自転,安全,革命,1,3
学生,ローン,搾取,0,1
既存,枠,ゲーム,デザイン,0,2
ジェンダー,複雑,理解,0,1
イラク,兵役,社会,脅威,0,3
地球,気候,数学,カオス,1,2
軒,建物,平和,プロジェクト,1,2
パナマ,文書,報道,ジャーナリスト,集団,0,2
緑,人,健康,禁断,ヒミツ,0,2
AI,テクノロジー,雑音,未来,0,2
惑星,生命,必要,0,1
動物,心,中,0,1
暗闇,サメ,美しい,海洋,生物,1,2
心,境界,超越,0,2
地球,生命,惑星,衛星,1,2
個性,発信,時代,0,1
アニメーション,制作,改革,0,2
生物,種,他,長寿,0,3
クリケット,台頭,インド,0,2
早期,言語,学習,必要,1,2
ゆで卵,生卵,研究,0,1
芸術,バーチャル,リアリティー,VR,0,3
比喩,存在,パペット,0,2
経済,自由,人類,進歩,0,1
魂,開放,詩,0,1
仕事,能力,転送,1,2
歩,食糧,生産,改革,0,1
対,女性,暴力,1,2
宇宙,時代,技術,食料,生産,変革,0,3
受賞,為,人々,デザイン,0,3
治療,失明,原因,0,1
シリア,建築,残酷,戦争,背景,0,3
ネット,権利,基本,人権,0,3
ビート,ボックス,基礎,0,1
床屋,地域,健康,0,2
極限,状況,創造,問題,解決,策,0,2
次,科学,発見,1,2
試練,理解,受容,0,2
ペルー,文明,衛星,0,1
セックス,ワーカー,本当,法律,0,3
議論,百科,全書,起源,1,3
代理,スーパー,ヒーロー,0,2
陰謀,論,起源,0,2
摩訶,不思議,深海,生物,1,2
スポーツ,身体,脳,効果,0,3
インターネット,音楽,天才,0,1
父,精神,疾患,死刑,0,2
抗議,活動,力強い,変化,0,3
目,自己,治療,ベテラン,0,2
アメリカ,軍事,戦略,再考,0,1
イラン,アメリカ,平和,車輪,2,3
ボディ,ポジティブ,力,0,1
ポール,ダンス,美し,秘密,0,2
歳,ホログラム,SF,世界,愛,未来,像,2,4
注意,散漫,技術,0,1
パス,コード,謎,0,1
リンゴ,耳,マッド,サイエンティスト,0,3
ワーキング,メモリ,容量,向上,0,2
本物,変革,ソーシャル,メディア,デザイン,3,4
情熱,内向,人間,告白,0,3
アンチ,科学,分類,0,1
障がい,デザイン,人,役,0,1
宇宙,他,生命,体,リスク,0,4
怒り,思いやり,強く,意味,0,1
目標,達成,集中,0,2
外来,種,脅威,0,2
人,言動,文化,左右,1,2
意義,ネット,ワーキング,0,2
本当,シャーロック,ホームズ,0,2
DNA,構造,発見,偉人,0,3
科学,法則,理論,違い,0,1
海賊,看護,他,反抗,デザイナー,0,1
自己,発見,神話,0,2
実効,暴力,抵抗,運動,秘訣,1,3
遊び心,価値,創造,0,2
エベレスト,山,高い,0,2
ソーシャル,キャピタル,自然,なつ,0,2
人種,医学,問題,0,1
武器,貿易,真,害,0,1
地球,雷,場所,0,1
古代,世界,残忍,戦士,0,3
地元,買い物,メリット,1,2
警察,改革,必要,0,1
体内,腫瘍,ミクロ,粒子,1,2
宇宙,植民,地,0,1
魚,群れ,調和,0,1
ロボット,コンパニオン,現状,0,1
南アフリカ,出身,女性,シンガー,ソングライター,ストリート,ミュージック,0,3
冷却,パック,素早く,0,1
オリジナル,音楽,パフォーマンス,0,2
プリン,ティング,未来,0,2
海洋,写真,世界,0,1
美術,新しい,翼,泡,0,2
子供,時代,トラウマ,本質,0,2
ブラックホール,タイム,トラベル,0,2
絵画,人々,魅了,0,2
アコーディオン,弦楽,奏,0,1
ソーシャル,ワーカー,スーパー,ヒーロー,0,3
神秘,海底,秘密,0,1
昆虫,脳,素晴らしい,0,1
前,芸術,作品,手元,検索,1,3
癌,闘い,武器,0,2
独創,人,習慣,0,1
ナイス,女子,カー,レース,1,3
ボーダー,公用,語,0,2
芸術,好奇,種,0,1
言語,同時,通訳,テクニック,2,3
コクレ,即興,演奏,0,1
ネコ,行動,ワケ,0,1
循環,社会,世界,規模,ネットワーク,構築,0,4
ヘンリエッタ,ラックス,不死,細胞,2,3
ハイ,ヒール,纏足,0,1
合衆,憲法,修正,難しい,1,2
愛,痛み,目的,0,1
ふしだら,女,完璧,0,1
有機,食品,高い,0,1
セカンド,ライフ,暮らし,0,1
酸,塩基,強弱,0,2
フランス,作家,詩,視覚,芸術,0,2
短命,息子,新しい,未来,道,0,4
SF,小説,未来,予測,役,0,3
コミュニケーション,脳,反応,0,1
型,糖尿,逆転,ガイドライン,無視,1,3
ふり,キッチン,厄介,1,2
恐竜,化石,探し,宇宙,人類,0,3
色,肌,美し,0,1
移住,移民,動き,1,2
科学,方向,頭脳,0,2
コンピュータ,メモリ,働き,1,2
アフリカ,若者,自ら,声,ツイッター,場所,0,4
膵臓,がん,患者,吉報,1,3
ジャズトラン,即興,パフォーマンス,0,2
野生,生物,気候,変動,適応,1,4
海洋,生物,プラスチック,汚染,2,3
病,観念,科学,0,1
初,対面,名,即席,オーケストラ,3,4
作曲,プログラム,演奏,音楽,ロボット,0,4
森林,火災,必要,ジム,シュルツ,0,1
現実,技能,ゲーム,プレイ,0,2
人,合理,決断,1,2
平和,構築,シンボリズム,技法,0,2
気候,変動,楽観,論,0,2
アインシュタイン,なぞなぞ,挑戦,0,1
生物,種,全体,永久,遺伝,編集,技術,0,5
ニューヨーカー,カンマ,クイーン,重箱,隅,栄光,0,5
挑戦,資金,調達,手法,気候,変動,1,4
円周,率,無限,命,0,3
肌,色,科学,0,1
人種,暴力,正視,アーティスト,眼,1,3
子供,楽しく,コンピューター,0,2
政府,支出,年,何百,万,ドル,節約,技術,集団,0,6
男女,平等,世界,0,1
検察,刑事,司法,制度,姿,2,3
遠く,クエーサー,化学,泡,2,3
危険,身,ガザ,0,2
病気,具合,悪く,驚き,0,3
ニッポン,トイレ,事情,0,1
仮想,研究,科学,教育,革命,0,4
保健,医療,分野,データ,革命,萌芽,0,3
上手く,リーダーシップ,コツ,1,2
ゼノン,分,パラドクス,0,2
質量,保存,法則,0,1
コウモリ,互い,声,0,2
拡張,現実,ヘッドセット,未来,0,2
子供,睡眠,不足,0,1
身体,ペイント,物語,0,2
プラシーボ,効果,力,0,1
皆,権利,男性,1,2
コンピュータ,食物,未来,0,1
保守,リベラル,一致,団結,問題,解決,0,3
CO,排出,量,マイナス,国,ブータン,0,3
古代,文明,影響,近代,美術,0,4
正確,精度,違い,0,1
Linux,背後,精神,0,2
ラクダ,本当,故郷,0,2
地球,市民,世界,0,1
自然,博物,世界,0,1
絵,体験,ローマ,旅,0,2
ピクサー,映画,命,魔法,成分,0,1
人,水,繋がり,1,2
肉食,主義,理性,正統,食餌,選択,0,3
若き,天才,バイオリン,デュオ,共演,2,3
先延ばし,魔,頭,中,0,1
宇宙,神秘,星,0,2
教会,モスク,アヤソフィア,0,1
ニュース,未来,バーチャル,リアリティ,0,2
水中,洞窟,神秘,世界,1,2
単語,文化,相違,理解,0,1
大学,開催,アドバイス,0,2
宇宙,生存,人類,進化,0,1
素晴らしい,スピーチ,秘密,0,1
音楽,変化,力強い,道具,0,2
Youth,Kids,陳列,棚,0,1
イベント,子供,やる気,0,2
男性,女性,声,0,1
情熱,ローカル,行動,0,1
ドラマ,セラピー,ホームレス,印象,0,2
パナマ,文書,世界,問題,0,1
電球,アート,ディレクター,必要,0,1
満場,一致,決定,0,1
火星,移住,子供,0,1
崩壊,難民,制度,0,1
こころ,創生,重視,地方,アプローチ,0,1
ダミー,会社,明るみ,犯罪,0,3
アマゾン,伝説,川,0,1
学校,子ども,失敗,0,2
脳,自己,修復,補助,0,2
タイトル,説明,文,編集,0,1
民主,主義,民意,代表,0,2
森林,伐採,殺人,0,1
ホログラム,時代,未来,0,2
国際,宇宙,ステーション,裏,無類,協力,1,5
スーダン,伝統,アニメ,促進,0,2
数学,答え,ロマンス,探求,0,2
女の子,完璧,勇気,0,2
バレエ,最高,難度,動き,物理,0,4
歴史,ナポレオン,ボナパルト,0,1
世界,変革,利益,追求,0,1
携帯,電話,人類,0,1
おいしい,食べ物,作り,生物,0,1
ニュートン,運動,法則,自転,説明,0,3
上司,賢い,進化,0,1
医者,社会,正義,0,2
つの,ソウゾウリョク,未来,0,1
ミミズ,堆肥,ゴミ,仕組み,0,2
ベトナム,HIVAIDS,孤児,0,2
探し,迷路,ヒント,1,2
アメリカ,合衆,機密,刑務,0,3
脳,細胞,組織,修復,0,3
水,不思議,振舞い,極性,0,3
障がい,ヨガ,人間,認識,0,1
Airbnb,成功,裏,信頼,デザイン,1,4
地球,歴史,ものさし,1,2
火山,破壊,影響,0,1
性別,ジェンダー,健康,1,2
脳,出血,視野,欠損,絶望,復活,3,5
車,利用,効率,Uber,プラン,0,3
植物,繁栄,ビジネス,0,2
宇宙,熱,テクノロジー,1,2
遺伝,特許,争い,勝利,0,1
意思,疎通,うまく,0,1
暴行,サバイバー,通報,システム,0,2
性別,トイレ,必要,0,1
ファッション,本当,コスト,0,2
パーキンソン,患者,生活,ワザ,0,2
技法,政治,宗教,1,2
宇宙,暗黒,面,0,1
丸,暗記,世界,0,1
テーブル,人生,光景,0,2
子ども,SNS,午後,以降,使用,禁止,0,1
毛糸,テロ,世界,0,1
重力,発見,意味,0,1
詐欺,メール,返信,0,1
世界,国,本,年,0,1
氷山,一角,下,カミール,シー,マン,0,1
富裕,子ども,飢餓,無く,1,2
寺院,謎,挑戦,0,1
オン,ライン,ターゲット,0,1
和,太鼓,リズム,パワー,無限,0,2
子供,ジェンダー,コミュニケーション,0,1
魅惑,未来,飛行,ロボット,披露,2,3
資本,主義,民主,0,1
古代,水,採取,0,1
大人,言語,才能,0,1
無知,谷,北朝鮮,0,2
ストリート,ハラスメント,撲滅,1,2
経済,成長,行き詰まり,打破,0,3
コ,ワーキング,世界,1,2
定年,社会,恩返し,自由,時間,0,3
オランダ,語,翻訳,0,2
本当,結婚,人,0,1
信頼,弱,絆,アート,2,3
票,アメリカ,選挙,しくみ,0,2
大量,絶滅,今度,0,1
天下,無双,違法,薬物,カルテル,3,4
システィーナ,礼拝,物語,0,1
難民,問題,変化,0,1
太陽,空,動き,0,1
エボラ,奇跡,経験,視点,0,2
人,代,若者,野球,歴史,2,3
炭水,体,影響,0,2
バリ,レジ,袋,廃止,運動,2,3
イスラム,恐怖,スタンド,アップ,コメディ,0,1
他,惑星,生命,1,2
美,希望,スラム,再生,0,2
気候,変動,進行,0,1
公海,新法,制定,0,1
共感,ゲーム,世界,男女,差別,0,3
字数,制限,クリア,ヒント,0,2
飽食,食,豊,0,1
イスラム,命,スーパー,ヒーロー,0,1
過食,種類,魚,0,2
コダック,モーメント,インスタグラム,0,2
日本,必要,変化,0,2
ひと,雪,科学,0,1
ユーザー,役割,種類,作業,流れ,1,3
芸術,技術,融合,時代,創造,0,2
財産,思想,犯罪,0,1
幸せ,一生,幸福,最長,研究,教訓,0,4
北極,対,南極,0,2
ソーラー,パネル,仕組み,0,1
買い物,新しい,服,ダウンロード,時代,0,3
魅力,手話,響き,1,2
人生,幸せ,長期,幸福,研究,1,2
発明,家族,愛,すばらしい,1,2
虫,倒錯,セックス,ライフ,0,2
アメリカ,新生,親,赤ちゃん,失望,3,4
インターネット,検索,結果,道徳,価値,0,3
女,長年,友情,楽しく,0,2
地下,深く,美,科学,0,2
コメディ,定義,バナナ,0,2
街,死者,場所,0,1
生態,維持,変化,刺激,0,3
SMS,救援,窓口,開設,悲痛,メッセージ,0,4
黄色い,封筒,冒険,1,2
日本,女性,障害,好転,1,2
データ,人気,テレビ,番組,0,2
乗り物,酔い,謎,0,1
機能,不全,社会,福祉,制度,1,3
ヒッグス,粒子,基本,0,1
老い,パーキンソン,力強い,篇,詩,1,2
願い,製造,風景,環境,保全,教育,0,5
手回し,オルゴール,提案,0,1
古代,オリンピック,起源,1,2
幼生,サンゴ,礁,再生,1,3
登校,子ども,社会,0,1
先住,元,再訪,0,2
デジタル,音楽,ライブ,即興,演奏,0,2
火,鳥,ダンス,日本,舞踊,和,太鼓,箏,創作,パフォーマンス,0,9
ストレス,人体,影響,0,1
飛行,機,病原,菌,対処,0,3
教会,内部,変化,取り組み,0,2
フリー,ダイビング,爽快,平穏,1,3
教室,QR,コード,魔法,0,1
問題,ジオ,エンジニアリング,0,2
野生,世界,驚異,0,2
オーウェル,言葉,本当,意味,0,3
世界,人々,平和,心,挨拶,2,4
山,街,顔,きこり,0,3
複雑,細胞,進化,1,2
日常,音,美,0,1
デザイン,最大,秘密,0,2
健康,粘液,働き,0,1
新しい,脳,細胞,1,2
Amara,リビュー,タスク,開始,0,2
父,娘,デュオ,ビート,ボックス,レッスン,2,5
クラシック,音楽,心,0,1
GreenFloat,地震,未来,海上,都市,設計,0,1
MRI,人,思考,0,2
政府,戦争,理解,0,1
自由,体,動き,0,1
人,難民,船,海,1,3
革新,リベラル,アーツ,教育,2,3
故郷,心,歌,0,2
佐久,世界,健康,0,2
時間,感覚,練習,0,1
死,遭遇,後,恐ろしい,余波,0,3
自動,運転,倫理,ジレンマ,2,3
ヒト,ゲノム,決定,競争,0,1
ミノタウロス,科学,起源,0,2
火星,予備,地球,0,1
トレッドミル,暗く,過去,0,2
ヨーロッパ,洞穴,個,シンボル,謎,1,3
脳,言語,理解,しくみ,1,2
心,連鎖,反応,0,1
コニュニティ,運営,教訓,0,1
無線,インターネット,通信,画期,手法,0,3
世界,LGBT,生活,1,2
肉食,ダイエット,公衆,衛生,影響,1,3
近い,将来,国土,水没,世界,協力,防止,3,6
日本,昔,魚,アート,2,3
無敵,母,専門,間違い,証明,1,2
雑音,力,復活,0,1
莫大,医学,データ,視覚,1,3
ルービック,キューブ,ピアノ,演奏,0,2
最高,人材,履歴,理想,1,2
視覚,障害,世界,自由,探索,技術,0,4
謎,ダーク,ネット,メジャー,1,2
出身,代わり,地域,0,2
コンピュータ,人間,言葉,翻訳,仕組み,0,3
新しい,学び,文化,0,2
疾病,薬,細胞,治療,未来,0,3
プリン,ティング,医療,活用,0,2
危機,エバー,グレーズ,息,写真,0,3
アート,NSA,スパイ,0,2
メディア,暗号,鍵,0,1
インスピレーション,ヴァイオリン,演奏,0,1
生物,発光,素晴らし,0,1
とおり,この世,終わり,気分,2,3
ストレス,脳,影響,0,1
伝説,テニス,選手,女子,スポーツ,道,1,3
アルツハイマー,正常,老化,0,2
DNA,編集,時代,慎重,0,1
数学,海,船,舵,0,1
当事,研究,発達,障害,1,2
民族,華麗,肖像,0,2
宮城,県,沿岸,津波,被災,状況,3,4
浜辺,名,無き,人,人生,物語,0,4
ジェンダー,平等,皆,0,1
自信,向上,コツ,0,1
交通,公共,機関,0,1
音楽,力,光,色,世界,0,2
リーダー,正しい,自己,紹介,0,3
空,ロボット,未来,0,1
スラムポエット,つの,ステップ,0,1
雲,地球,温度,影響,0,2
テクノロジー,バイオロジー,融合,デザイン,0,1
期待,正,反対,状況,アイロニー,0,4
マイケル,ジョーダン,伝説,滞空,時間,数学,0,1
再生,エネルギー,現実,0,1
鯨,呼吸,コミュニケーション,顔,おなら,0,4
固体,液体,気体,プラズマ,0,3
パスカル,三角,数学,秘密,0,1
囚人,帽子,クイズ,挑戦,0,1
心臓,ツイッター,予測,0,1
女性,医学,危険,面,0,1
初期,犯罪,捜査,化学,1,3
スティーブ,ジョブズ,レッスン,0,1
コンフォート,ゾーン,脱出,0,2
トーク,書き起こし,OTP,ボランティア,1,3
女性,虐待,最大,人権,侵害,問題,0,1
イベント,ルール,入門,編,0,1
日本,黄金,時代,0,1
学校,閉鎖,タリバン,阻止,0,1
気候,変動,人権,0,2
フラクタル,日除け,自然,完璧,1,3
政府,不正,闘争,0,1
世間,貧困,嘘,1,2
バース,コントロール,度,国際,課題,0,3
斬首,動画,何百,万,回,再生,0,1
イマジネーション,美,芸術,地域,活力,0,3
魔法,虹色,ハグ,触れ合い,治癒,2,4
人身,売買,いくら,実情,0,1
石油,世界,移行,0,2
宗教,女性,本当,0,1
ワクチン,開発,事実,0,1
ルール,多,仕事,0,2
恐怖,アメリカ,政治,0,2
修飾,語,使用,文,ダメ,0,3
アメリカ,白人,主義,町々,突入,1,2
人,アニメーター,ウォルト,ホイットマン,詩,解釈,1,4
魚,赤ちゃん,秘密,生態,0,1
ひとり,犠牲,子,1,2
美,神経,生物,1,2
一人一人,子,夢,1,2
医学,研究,年齢,制限,0,2
こども,明るい,未来,1,2
宇宙,誕生,最新,望遠,0,3
息,生後,日間,ミツバチ,姿,0,3
コンテナ,輸送,現代,社会,0,1
未来,車輪,発明,1,2
気持ち,壁,向こう,0,1
アーティスト,心,中,旅,0,3
語,文,カラクリ,0,2
将来,仕事,想像,0,1
仕事,嫌い,所,0,1
バッド,フェミニスト,告白,1,2
災害,救援,ロボット,0,1
病理,診断,変革,0,1
兵士,手,撮影,イラク,戦争,映画,0,4
ネット,教室,得意,人,0,1
ゆるぎない,愛,姿,0,1
時間,記録,歴史,0,1
産業,国家,アメリカ,平等,ビジュアル,ヒストリー,0,4
汗っかき,先生,嘆き,0,1
顔,感情,アプリ,1,2
古代,ローマ,姉妹,1,2
政治,腐敗,明るみ,0,1
量子,生物,生命,最大,謎,解明,0,2
原油,流出,事故,容疑,被害,0,1
人類,知識,視覚,表現,歴史,2,3
ウォール,ストリート,天才,数学,0,3
リサイクル,携帯,電話,熱帯,雨林,0,4
都市,生命,進化,0,1
ICT,プリンター,世代,医療,触発,解放,試み,0,3
盗聴,歴史,対処,0,2
子ども,やる気,秘訣,0,1
実際,遺伝,食料,1,2
国境,ヨーロッパ,民主,主義,想像,0,2
ペンギン,人気,苦境,フン,0,3
デジタル,透視,体験,0,1
がん,治療,オープン,ソース,公募,0,3
自然,インスピレーション,有機,デザイン,0,1
アスペルガー,症候,群,内面,会話,0,4
自動,運転,周り,世界,0,1
レーザー,技術,エイズ,0,2
オープン,データ,国際,援助,1,3
北朝鮮,変革,兆し,0,1
寄生,宿主,行動,0,1
オルタナティブ,ロック,歌声,1,2
海洋,氷,古代,気候,0,1
未来,ロマンス,資本,主義,1,2
息子,殺害,和解,1,2
感情,思考,チンパンジー,権利,0,2
人,平等,世界,0,1
ISIS,武装,集団,勢力,0,3
兵馬,俑,歴史,0,1
イラク,民間,慰霊,碑,アメリカ,政府,0,2
家族,アイス,バケツ,チャレンジ,訳,1,2
バスケットボール,激しい,動き,背後,数学,0,4
写真,美,不思議,0,1
年,受賞,後,1,2
論理,赤ちゃん,心,0,1
不貞,真実,人,0,1
世界,周,航海,0,2
関係,皆,感謝,0,2
妊娠,検査,仕組み,0,1
複雑,幾何,イスラム,デザイン,1,2
サル,語,ワタボウシタマリン,言葉,0,2
年,必要,スキル,1,2
敵,戦争,兄弟,1,2
楽観,主義,言い分,0,2
事業,成功,番,原因,0,1
一人,役,女性,セックス,未来,授業,2,3
強迫,神経,誤解,0,1
未来,宇宙,ポケット,サイズ,1,2
児童,婚,戦士,叫び,0,2
技術,開発,トリクルダウン,理論,問題,点,0,2
バイリンガル,脳,利点,0,1
痛み,治療,男,0,1
前線,アメリカ,戦争,女性,0,3
難解,緑色,瞳,論理,パズル,2,4
歴史,模範,人物,0,1
物,性質,新しい,映像,技術,0,3
コンピュータ,写真,理解,0,1
希望,平和,ストリート,アート,1,3
月経,前,症候,群,朗報,0,2
人,世界,記憶,物語,2,3
人工,知能,人間,高い,知性,0,4
生命,可,触,医療,革新,0,3
エルフ,語,クリン,ゴン,ドスラク,ナヴィ,本当,言語,0,7
地球,太陽,古い,訳,0,1
早,結婚,連鎖,0,1
世界,音楽,裏,至高,数学,1,4
音楽,マッド,サイエンティスト,0,2
歳,神童,ジャズ,ピアノ,1,3
人,不正,行為,正当,1,3
夢,生命,カタチ,プリン,ティング,0,1
エメラルドゴキブリバチ,ゾンビ,奴隷,0,2
ネズミ,レーザー,光線,操作,記憶,0,1
マクロ,ファイナンス,礼賛,1,2
デザイン,日常,印象,0,1
人生,ラク,ややこしく,0,2
環境,変革,発想,転換,アート,0,4
プリンター,倍,高速,技術,0,2
中国,アメリカ,衝突,運命,0,1
日,人質,生活,1,2
願い,医療,つの,発明,0,1
海底,ケーブル,実現,リアル,タイム,海洋,観測,1,3
技術,クラウド,ファンディング,解決,疾患,1,4
明日,世界,ツール,1,2
ボストン,若者,暴力,削減,1,2
電子,メール,公開,1,2
海,サーフィン,喜び,1,2
太陽,系外,惑星,0,2
麻薬,戦争,終止,0,1
マウンテン,ミュージック,楽しい,伝統,0,2
集団,創造,マネジメント,0,1
集団,免疫,力,0,1
タップ,ダンサー,技巧,1,2
マンホール,ふた,丸い,0,2
集団,暴力,解決,地域,目,1,3
凄い,携帯,電話,技術,0,1
美しき,ナノ,世界,0,1
細菌,ガン,早期,発見,治療,0,1
退屈,理学,療法,代わり,ゲーム,0,2
娘,妻,ロボット,永遠,生,追求,2,4
FBI,戦略,アメリカ,在住,テロリスト,0,4
水中,圧力,体,影響,0,1
汚れ,海,姿,0,1
共通,脅威,認識,1,2
インターネット,時代,民主,主義,0,2
人,幸せ,為,恋愛,必要,1,3
脳,可塑,強化,0,1
字幕,前,バージョン,0,2
決断,オリンピック,栄光,1,2
アメリカ,黒人,息子,0,1
頭,スカーフ,意味,0,1
最高,経営,層,男女,格差,1,3
手術,患者,トップ,スポーツ,0,3
癌,アルツハイマー,タンパク,0,1
公開,字幕,編集,1,2
歳,ブロードウェイ,デビュー,1,2
ルール,会社,経営,0,2
街,旗,最悪,デザイン,1,3
差異,検出,ツール,0,1
一般,市民,権力,理解,ホント,1,2
デジタル,式,人道,主義,0,2
世界,目標,クラウド,ソーシング,達成,2,3
金管,楽器,音,仕組み,0,1
脳,自己,修復,0,2
魅惑,バンブー,ハウス,1,2
本質,不在,芸術,0,2
ヒーロー,ハリケーン,ボート,女性,歌,0,4
ワン,マン,世界,サミット,2,3
建築,イノベーション,国境,0,1
生徒,成功,力,0,1
深淵,宇宙,魅了,ブラックホール,虜,0,3
火星,生命,起源,謎,0,1
風呂,アルキメデス,原理,0,1
終身,刑,女性,感動,歌声,0,4
ダンサー,シンガー,チェリスト,目,創造,瞬間,3,4
ワールド,ワイド,ウェブ,0,2
脳,他人,腕,0,2
賢,プレゼン,秘訣,0,1
人類,天然,ウイルス,克服,0,2
ミツバチ,失踪,事件,0,1
Amara,サポート,チケット,作成,0,1
目,VS,カメラ,0,2
長生き,手がかり,実験,0,1
入国,斡旋,絶望,旅,0,1
芸術,宗教,概略,0,1
頭,中,音楽,0,2
腐敗,ヴェネチア,ゴンドラ,歴史,0,1
ビック,データ,NYC,最悪,駐車,1,4
地球,エネルギー,ガイド,ジョシュア,M,スナイダー,マン,0,1
怒り,世界,平和,0,2
仮想,現実,究極,感情,移入,マシーン,0,3
上昇,志向,女性,頭,0,2
プラトン,洞窟,比喩,0,1
次,疫病,流行,準備,1,2
対話,国家,防衛,0,1
遺伝,愛,友情,物語,0,1
他,例,最高,1,2
公衆,衛生,基本,人権,1,3
アメリカ,物語,衝突,現場,コンビニ,2,4
エピ,ジェネティクス,遺伝,影響,2,3
報道,自由,投資,0,1
ユリウス,カエサル,陰謀,0,2
シェイクスピア,本当,劇,0,2
運動,人,億劫,0,2
キラー,海藻,侵略,0,1
海洋,生物,調査,0,1
子供,時代,トラウマ,生涯,健康,影響,2,3
Lifesaver,対話,動画,救命,1,3
言語,習得,テクニック,0,1
×,背景,考え,0,1
インターネット,社会,運動,目的,達成,難しい,0,2
攻撃,現実,世界,脅威,0,2
確率,思考,実験,0,1
社会,影響,科学,潜在,0,3
甲状,腺,体,代謝,調整,1,3
乱交,人間,動物,本能,0,3
バクテリア,抗生,物質,体,0,1
ロボット,戦争,未来,0,1
感情,応急,手当,必要,0,2
ジェンダー,平等,神経,科学,0,2
トーク,文字,起こし,0,1
化学,反応,デート,0,2
世界,権力,移行,1,2
森林,保護,活動,気候,変動,防止,望み,0,1
音楽,脳,能力,0,1
人類,対,エボラ,闘い,勝利,戦略,2,3
薬物,政策,銃,暴力,だつ,教訓,0,3
名誉,殺人,女性,為,1,2
AIDS,治療,難しい,0,1
プリンタ,ヴァイオリン,演奏,0,1
人助け,ヒーロー,必要,0,1
急,成長,都市,成功,1,2
厄介,問題,解決,トースト,説明,0,3
将来,有望,仕事,0,1
針金,砂糖,チョコ,糸,アート,0,2
ネットワーク,森,美し,0,1
倫理,国益,バランス,0,1
星,月夜,数学,0,1
深海,マグロ,タグ,付け,1,2
地震,ビル,崩壊,0,2
米粒,サイズ,ロボット,0,2
アイデア,科学,発見,0,1
脳,意思,疎通,時代,0,2
祖父,身,発明,0,2
処罰,値,盗作,危険,0,2
文学,芸術,演劇,台頭,0,1
アメリカ,合衆,投票,戦い,0,2
炭鉱,カナリア,役目,0,1
ゲイ,ライツ,ムーブメント,公民,運動,0,4
社会,問題,解決,後押し,0,2
リズム,視覚,別,0,1
本,繊細,アート,0,1
政治,改革,歩み,0,2
星,速,説明,0,1
アメリカ,列車,標準,0,1
ソーシャル,メディア,転換,期,1,2
自ら,治療,蝶,1,2
外国,語,半年,マスター,1,3
女性,読書,勇気,社会,0,2
フォン,ライブ,中継,0,1
アプリ,ひと,命,0,2
シェイクスピア,台詞,韻律,秘密,0,2
食物,連鎖,栄養,0,1
子供,夢,学校,システム,0,2
代,脳,神経,解剖,変化,1,3
自発,脳,活動,生命,維持,1,2
人,行方,週間,0,1
料理,錬金,術,0,1
失明,目,再生,0,2
充実,人生,為,ミニマリズム,0,3
素晴らしい,書き出し,力,0,1
想像,生命,探求,0,1
量子,力学,謎,0,1
最後,手,大陸,1,2
ポスト,金融,危機,世界,投資,0,1
true,言葉,真,物語,0,1
ゴミ,収集,カート,改造,作戦,0,2
植物,燃料,ジェット,機,1,2
社会,健康,決定,要因,0,1
危険,警察,追尾,1,2
世紀,人類,終わり,回避,1,2
先端,心血,管,撮影,技術,メディスン,治療,1,3
宇宙,マイクロ,サット,ローバー,開発,0,3
古き,詩,歌声,生命,1,3
息,ほしい,ミクロ,彫刻,2,3
未来,命,コード,1,2
アインシュタイン,奇跡,年,0,1
成長,人生,苦闘,祝福,2,3
早期,癌,検出,将来,1,2
世界,Twitter,データ,可視,1,2
楽しい,経路,地図,0,1
火曜,日,何色,感覚,0,2
病気,上流,医療,0,2
年,インフルエンザ,教訓,1,2
動き,音,気味,1,2
自ら,学習,コンピュータ,素晴らしく,物恐ろしい,1,4
女性,メディア,中,0,1
家族,アイス,バケツ,チャレンジ,歴史,1,3
クリスマス,イルミネーション,ゲリラ,武装,解除,0,3
受刑,意義,人生,刑務,0,1
民主,主義,経済,成長,抑圧,0,2
社会,進歩,指数,国,1,2
気候,変動,出現,異常,気象,パターン,0,5
年,驚き,労働,人口,クライシス,2,3
メディア,注意,義務,0,1
ソーシャル,マップ,街,人々,往来,分離,1,5
原子,年,探究,0,2
オイル,本当,コスト,0,2
建築,有機,アルゴリズム,1,2
男,女,ウクライナ,革命,2,3
ビル,ゲイツ,ベートーヴェン,1,2
健康,維持,医療,システム,0,1
プレゼン,秘密,しかけ,0,2
音楽,絶滅,危惧,言語,救出,0,1
リアル,タイム,地球,変化,撮影,極小,衛星,群,4,6
ハイゼンベルク,確定,原理,0,2
世界,音楽,儀式,1,2
水中,本当,危機,0,2
輝かしい,未来,高速,解決,策,0,2
サメ,スーツ,想像,0,1
検閲,国家,秘密,旧,東ドイツ,0,4
癌,克服,体験,人間,0,1
世界,退屈,テレビ,番組,1,2
罪,人生,支配,0,2
フェズ,川,復興,メディナ,再生,2,3
皆,awesome,本来,畏敬,意味,1,3
原理,主義,文化,0,2
生命,居住,惑星,探索,1,2
石油,政治,側面,0,1
文学,深い,意味,0,1
抗生,物質,危機,0,1
分,英語,名詞,複数,語尾,s,歴史,1,3
太陽,追跡,エネルギー,装置,0,2
言語,単語,ゲーム,1,2
年間,毎日,友達,1,2
数学,発見,発明,0,2
デザイン,アイディア,新,0,1
ひどい,会議,世界,0,1
紙,風,光,中,ダンス,2,4
カメラ,世界,危険,場所,不正,0,4
空,カメラ,リード,0,1
自由,空,症候,群,父,1,2
楽器,演奏,脳,効果,1,2
一瞬,止血,ジェル,1,2
若年,層,失業,問題,テロリズム,関係,0,2
退役,軍人,戦争,恋しく,1,2
必要,人材,ーサンドラアーモット,1,2
自閉,心,理論,0,2
量子,力学,思考,実験,0,2
彗星,地上,生命,0,2
脳,神経,思考,0,1
歴史,クリストファー,コロンブス,0,2
人類,最終,世紀,0,1
動物,王国,声,写真,0,2
太陽,電池,式,冒険,0,1
トゥレット,症候,群,0,1
強迫,神経,元気,イヌ,ネコ,0,3
地球,惑星,発見,0,1
成功,共通,特徴,0,1
援助,新しい,形,0,1
アフリカ,荒廃,指導,回復,世代,1,3
ペスト,過去,現在,未来,0,3
世界,影響,アイデア,0,2
因果,関係,相関,混同,危険,2,4
物質,落下,上昇,0,1
宇宙,次,窓,0,2
気難しい,父親,息子,0,1
脳,痛み,反応,0,1
世紀,資本,論,考察,1,3
考古,動物,写真,バーベーキュー,ネイサンミルボルド,1,2
歴史,ウラジミール,レーニン,0,2
世界,最大,親族,会,皆,招待,2,5
人々,詩,必要,1,2
世界,医師,訓練,キューバ,1,3
抗生,物質,耐性,0,2
本,秘密,扉,0,2
海外,送金,世界,経済,力,0,1
新しい,音楽,楽器,1,2
電気,ショック,療法,0,2
ハッカー,インターネット,免疫,0,2
性,暴力,声,0,1
シュレディンガー,猫,量子,力学,0,2
ゾウ,家族,かたち,0,1
退役,軍人,戦争,0,1
犬,気持ち,編,詩,0,1
光,宇宙,謎,0,1
コスト,大学,学位,0,1
古代,ギリシア,音楽,古典,ロック,源流,4,5
ピアノ,路上,空中,0,1
暴力,抗議,活動,犯罪,改正,0,1
皮肉,写真,ステレオタイプ,0,2
アパート,建築,改革,0,2
秘密,演劇,アイロニー,1,2
ストレス,ニキビ,原因,0,1
脳,疾患,精神,1,2
ニューヨーク,シティ,喧騒,下,公園,0,2
富豪,仲間,注意,0,1
チャンピオン,頭,中,0,1
ガン,細胞,行動,0,1
生物,種間,協力,0,1
海,保護,世界,食料,0,1
自然,ペスト,コントロール,虫,1,3
人前,恐怖,中,0,1
学校,勉強,遺産,1,2
ほとんど,セックス,官能,物語,1,2
報道,テロリズム,側面,0,1
危険,一瞬,回避,手術,器具,0,2
人体,穴,改善,0,1
アニメーション,科学,仮説,0,1
ヒト,フェロモン,うさん,謎,1,2
ホタル,愛,偽り,0,1
人,脳,行動,影響,生物,1,2
同期,ハンマー,一撃,核,融合,成功,1,4
将来,予測,強い,味方,1,2
公共,空間,都市,0,1
古代,パズル,ゲノム,疾病,早期,発見,医学,謎,2,6
身の回り,品,悲劇,歴史,0,2
生,自殺,間,橋,1,3
ビデオ,ゲーム,歴史,0,1
給食,おば,ヒーロー,0,2
パーキンソン,うつ病,スイッチ,0,2
DNA,スライム,ポリマー,世界,0,1
ミケランジェロ,ダビデ,像,多く,意味,ジェームズ,アール,0,4
東方,博士,礼拝,解析,0,2
代,脳,見解,1,2
ハイブリッド,思考,世界,0,1
地域,環境,アクティビズム,物語,0,2
美術,分析,思考,0,1
ゾンビ,名詞,注意,0,1
タイミング,スペーシング,技巧,0,1
世代,女性,エンジニア,希望,1,2
幸福,心,中,0,1
科学,研究,結果,鵜呑み,0,3
海,自浄,作用,進化,0,1
拡張,現実,スポーツ,共感,0,2
ビジネス,社会,問題,解決,0,1
動物,人間,関係,浮き彫り,テディ,ベア,2,5
自動,建設,工事,1,2
富,最高,喜び,0,2
金,将来,価値,計算,0,2
難しい,選択,仕方,0,1
自然,不快,生き物,ヒント,ロボット,1,4
皆,感動,対象,1,2
DIY,スピーカー,エディション,0,1
睡眠,麻痺,金縛り,恐怖,0,2
アメリカ,独立,宣言,採択,舞台,裏,0,1
史上,最高,ロボット,デモ,2,3
ゴキブリ,仕組み,ロボット,0,2
幼児,教育,経済,論,0,1
細胞,新しい,医療,0,2
リーダー,元,安心,0,2
ティコ,ブラーエ,世間,天文,0,3
錯視,動き,認識,0,2
真,革新,科学,未知,領域,1,3
人生,苦しい,経験,1,2
オープン,オン,ライン,コース,意味,訳,0,4
秩序,組織,力,0,1
援助,必要,印刷,0,2
幸福,親,高,ハードル,0,3
うなぎ,イーライ,不思議,一生,0,2
エドワードスノーデン,トーク,NS,0,1
光,合成,食べ物,0,1
軍隊,情報,共有,0,1
フラクタル,失踪,事件,1,2
データ,ビジネス,変容,0,1
ホームレス,隠れ家,物語,0,1
脳,癌,細胞,インターネット,アリ,1,4
長く,恋愛,関係,欲望,秘訣,1,3
ケープブレトン,島,フィドル,0,1
食物,連鎖,頂点,世界,自然,0,2
光,速い,ネットワーク,0,2
持続,観光,古い,町,新しい,命,0,1
修復,司法,神経,科学,1,2
次回,検査,フォン,1,2
鳥,蜂,序の口,0,1
世界,データ,セット,撮影,1,2
アスリート,本当,速く,強く,0,2
エネルギー,ヶ年,計画,0,2
宇宙,開発,競争,0,1
成功,失敗,力,0,1
情熱,勇気,ベスト,0,1
火薬,破壊,皮肉,0,2
ウェブ,ページ,言語,翻訳,0,3
子犬,複合,理論,0,2
毒,意味,言葉,ベノム,ポイズン,違い,0,1
BlabDroids,ソーシャル,クラウド,ロボット,2,3
健康,為,戦い,0,2
がん,戦い,新しい,戦略,0,3
最高,コンピュータ,インタフェース,手,1,2
知能,方程,式,0,2
国家,ソフト,パワー,追及,1,2
Twitter,規模,変,0,1
女性,探検,貢献,0,1
アメリカ,カナダ,レイバー,デイ,0,1
義足,痛み,問題,0,1
デトロイト,再建,ビジョン,0,2
自然,世界,奇跡,0,2
人生,集約,履歴,追悼,文,1,3
複雑,企業,環境,ルール,1,3
円周,率,情熱,0,2
損傷,脳,自力,回復,0,3
子供,新しい,学習,スタイル,0,2
家庭,暴力,流れ,0,1
自殺,バッタ,ゾンビ,ゴキブリ,他,寄生,生物,0,5
未来,マシン,脳,イメージ,1,3
サステナビリティ,投資,論理,0,1
薬剤,研究,画期,資金,調達,0,3
芸術,工芸,違い,0,1
コンピューター,世界,手,ピクセル,0,2
都市,世界,未来,0,2
映像,制作,数学,0,2
紙,プラスチック,環境,民間,信仰,2,4
滅種,カモノハシガエルタスマニアンタイガー,再生,計画,1,2
規模,人数,同時,参加,指相撲,3,4
DNA,自動,販売,機,0,2
経済,成功,左右,影響,会社,0,2
カーリー,フライ,謎解き,0,1
使い古し,油,行方,1,2
確率,雲,存在,電子,1,3
犯罪,抑止,鍵,ハイテク,統計,0,3
パンゲア,大陸,誕生,0,1
金,人,ヤツ,0,1
医療,記録,プール,0,2
指紋,合成,音声,0,2
ツイッター,フィクション,試み,0,1
肥満,都市,万,ポンド,減量,0,4
結び目,手術,物語,0,1
ニューヨーク,市,ゴミ,中,0,2
人類,家系,図,0,1
バナナ,ハッキング,キーボード,0,1
人生,ドル,プラスチック,足,1,2
バス,民主,主義,象徴,0,1
イノベーション,死,成長,終わり,0,1
投資,危険,者,改革,0,1
サンゴ,礁,未知,世界,ダイビング,0,4
チャイルド,シート,統計,0,2
ナノ,電子,工学,量子,計算,機,0,3
若き,起業,アニメ,作家,デザイナー,活動,0,2
芸術,楽器,あいだ,0,1
思いやり,進化,論,0,2
都市,つの,ポイント,0,2
人間,社会,進歩,ゼロ,サム,ゲーム,3,4
正しい,感情,表現,実践,0,1
痛快,エビ,一撃,0,1
紙,DJ,デッキ,0,1
政府,保護,子ども,1,2
鬱,共有,秘密,0,1
民族,紛争,終結,1,2
無人,飛行,機,環境,保全,0,1
生理,ナプキン,革命,0,1
無限,ホテル,パラドックス,1,2
砂糖,脳,影響,0,1
細菌,住,環境,デザイン,0,3
舞台,恐怖,克服,0,1
オープン,世界,原則,0,2
地域,密着,建築,0,1
ボストン,茶会,事件,真相,1,3
経済,危機,予測,0,2
臓器,チップ,未来,0,1
リン,危機,解決,0,1
セックス,新しい,比喩,必要,0,2
氷河,洞窟,発見,0,1
情報,世界,タイム,マシン,制作,0,2
フィボナッチ,数,魅力,0,2
人,付き合い,苦手,人脈,づくり,1,2
祖父母,世代,IQ,高い,0,2
NSA,世界,信頼,0,2
中国,新興,経済,期待,星,0,3
イベント,前,体験,0,1
水中,探査,ロボット,0,1
クッキー,美味しい,化学,反応,1,2
作業,記憶,認識,0,1
投資,社会,変革,0,2
古代,アフリカ,アルファベット,洗練,0,2
道路,無人,飛行,体,0,2
動物,皮革,肉,開発,0,1
創造,家,場所,0,1
精神,疾患,理解,0,2
企業,生物,保護,寄与,2,3
エレベーター,中,体重,0,2
地球,優しい,商業,倫理,2,3
サステナブル,ビジネス,全力,投球,0,1
木材,高層,ビル,0,1
目,自由,人,デザイン,0,3
パック,マン,MoMA,収蔵,0,3
信頼,民主,主義,0,1
伝説,ファンタジー,事実,1,2
ヒッグス,粒子,宇宙,運命,1,2
ダヴィンチ,人体,図,数学,0,3
技術,革新,人類,問題,解決,0,1
価値,アイデア,地図,作り,0,2
新しい,富裕,層,台頭,1,3
効果,利他,主義,0,1
アファークライ,メンバー,弦楽,奏,0,2
イラン,イスラエル,和平,0,2
女性,直面,最大,健康,リスク,0,3
エチオピア,商品,取引,0,2
ニューヨーカー,マンガ,分析,1,2
オン,ライン,デート,攻略,1,2
世界,危険,クラゲ,エクストリーム,スイム,1,2
市場,市民,生活,0,1
犯罪,予防,策,0,1
アーティスト,てつ,人生,0,2
渡り鳥,危険,旅,0,2
シェイクスピア,デート,秘訣,0,1
脳,地図,ゲーム,0,2
価値,スポンサー,パッケージ,0,1
戦火,馬,偉業,背景,0,1
ニューヨーク,街路,意地,悪,0,3
理解,為,ゲーム,手段,0,2
肌,色,幻想,0,1
うつ病,コメディアン,告白,0,1
毛長,マンモス,復活,0,1
音楽,感情,歴史,0,1
頭,中,声,0,2
最速,救急,バイク,1,2
クアッド,コプター,運動,能力,0,2
読書,技術,革新,0,1
ワトソン,雑学,博士,古い,0,1
動物,種間,インターネット,進行,アイディア,1,2
行動,科学,電気,安く,0,2
ダビデ,ゴリアテ,物語,0,1
被災,地,救助,退役,軍人,為,ミッション,0,4
遊び心,美,探求,0,1
女性,車,運転,権利,0,2
教育,死,谷,0,1
ヒト,イルカ,言葉,1,2
セント,硬貨,幸福,1,2
写真,サイレント,ドラマ,1,2
バーチャル,合唱,ライブ,0,1
野生,動物,現代,戦士,0,3
意図,無視,危険,0,2
スピーカー,最高,トーク,0,2
バレエ,オースティン,Austin,公演,0,3
スカイダイビング,世界,記録,挑戦,0,3
ロサンジェルス,危険,地域,菜園,造り,ゲリラ,作戦,3,5
政治,体制,物語,0,1
ダンス,創作,プロセス,実演,0,1
創設,年,歩み,0,2
プリンタ,ジャンボ,ジェット,機,0,2
子,病気,人生,教訓,1,3
疑い,信仰,本質,0,1
コスト,地形,いす,開発,0,1
チーム,運営,ヘルスケア,0,2
新しい,労働,市場,1,2
学生,クラシック,重,奏,0,1
教師,フィードバック,変化,0,1
有望,膵臓,検査,0,1
人類,海,変遷,1,2
砂漠,緑地,気候,変動,逆転,0,1
二人,若き,科学,バクテリア,プラスチック,分解,3,4
高校,名,訓練,0,2
人殺し,決定,ロボット,0,2
ブルー,グラス,音楽,達人,ニュージャージー,わる,0,2
嫌悪,感,政治,0,2
バレエ,ダンス,パフォーマンス,0,1
サウンド,デザイン,定義,0,1
違和,感,必要,0,1
ロボット,操作,猿,0,2
オープン,進化,教材,0,2
ギャング,娘,スター,教師,0,3
アート,テクノロジー,デザイン,創造,リーダー,0,4
災害,復旧,安く,効果,シェルター,0,4
ライオン,平和,発明,0,1
HIV,治験,倫理,問いかけ,0,2
儀礼,信仰,ワールド,ワイド,ウェブ,0,4
でたらめ,神経,科学,気,0,1
ロボット,生活,侵略,0,2
人間,コンピューター,協力,関係,はじまり,1,2
才,がん,価格,検査,発明,1,2
光,粒子,波,0,2
脳,化学,物質,袋,0,3
車,椅子,海中,散歩,1,2
大学,科学,成果,柱,0,2
皆,心,健康,力,1,2
皆,共和,本来,国民,力,1,3
賞,人,デザイン,0,2
世界,プリン,ティング,1,2
タトゥー,オン,ライン,ライフ,0,3
水,国,発展,0,2
成功,カギ,力,0,1
時間,節約,トップ,0,1
成長,鍵,機械,競争,1,2
本当,フラット,世界,1,2
哲学,朝食,会,0,1
オープン,ソース,政府,0,1
保護,地元,原生,地,素晴らしい,写真,0,2
ウイルス,スキャン,医学,謎,0,1
発展,途上,失業,問題,解決,策,1,2
自己,修復,能力,アスファルト,1,3
神経,科学,ゲーム,理論,サル,0,4
言語,貯蓄,能力,影響,0,1
子ども,強い,味方,0,2
科学,先生,呼びかけ,1,2
フィル,ボージェス,絶滅,危機,文化,2,3
財政,崖,解決,本当,0,1
リビア,革命,成功,0,1
ヨーヨー,達人,道,0,1
国際,ジハード,敗北,所以,0,2
データ,学校,改革,0,2
刑務,中,ビジネス,0,2
滅種,再生,夜明け,意味,0,1
遊び,情熱,目的,0,1
携帯,パーソナル,ロボット,発明,0,2
アフガン,少女,教育,0,2
賢い,失敗,必要,0,1
世界,食料,ムダ,事情,1,2
多く,人,都市,居住,デザイン,2,4
専用,薬,印刷,1,2
インド,目,イノベーション,0,2
蚊,マラリア,撲滅,1,2
口ひげ,男性,健康,0,1
子ども,規律,環境,0,1
サウジアラビア,インド,イラン,カタール,バー,0,4
今日,英語,発達,1,2
他人,愛,手紙,1,2
コウモリ,ゲノム,秘密,0,1
脳,ビデオ,ゲーム,0,2
天然,ガス,エネルギー,変革,1,2
父,娘,ダンス,パーティー,刑務,2,4
外科,万能,翻訳,機,0,2
紙,タオル,正しい,0,1
科学,ヒント,デザイン,0,1
藻類,養殖,バイオ,燃料,0,3
必要,分間,瞑想,1,2
自宅,太陽,ツアー,1,2
医者,薬,秘密,0,1
心霊,詐欺,批判,0,1
ロボット,人間,教訓,0,2
交通,渋滞,解消,1,2
幸せ,目,前,集中,0,3
医薬,特許,プール,命,0,2
視覚,効果,映画,0,2
芸術,フェスティバル,革命,1,2
信頼,道徳,オキシトシン,1,2
再生,医学,オーダー,メイド,医療,実現,0,4
映画,素晴らし,共有,0,2
イスラエル,イラン,愛,物語,0,2
写真,父娘,絆,1,2
アメリカ,投票,日,火曜,1,3
時代,気候,対処,1,2
文章,つの,社交,スキル,2,3
生物,アニメーション,制作,0,1
携帯,電話,フェア,トレード,0,2
兄弟,奇跡,演奏,0,2
青年,期,脳,不思議,0,2
権利,章典,分,ガイド,0,3
アコースティック,ギター,概念,0,1
歳,iPhone,アプリ,開発,1,2
音楽,医学,間,0,1
携帯,電話,コミュニケーション,人間,試み,0,2
加速,テクノロジー,力,0,1
捻り,クローズ,アップ,カード,マジック,0,4